{"cameraMode":{"drawMode":0,"name":"Shaded","section":"Shading Mode"},"sceneLighting":true,"audioPlay":false,"sceneViewState":{"showFog":true,"showMaterialUpdate":false,"showSkybox":true,"showFlares":true,"showImageEffects":true,"showParticleSystems":true},"in2DMode":false,"pivot":{"x":-1.0762877464294434,"y":1.1802977323532105,"z":3.2311487197875978},"rotation":{"x":-0.043258294463157657,"y":0.3327634036540985,"z":-0.015298017300665379,"w":-0.9419366121292114},"size":9.749780654907227,"orthographic":false}